{"posX":328.6305236816406,"posY":181.38623046875,"posZ":489.2698974609375,"notes":0.0}